"id","age_class","age","age_n","length_class","segement","segment_length","segment_end","d13C","d15N"
"7","pup",0.243835616,0,"long",1,2,2,-17.96,16.05
"7","pup",0.243835616,0,"long",2,2,4,-17.91,15.9
"7","pup",0.243835616,0,"long",3,2,6,-17.86,15.86
"7","pup",0.243835616,0,"long",4,2,8,-17.91,16.1
"7","pup",0.243835616,0,"long",5,2,10,-17.87,16.26
"7","pup",0.243835616,0,"long",6,4,14,-17.98,16.12
"7","pup",0.243835616,0,"long",7,4,18,-18.11,16.22
"7","pup",0.243835616,0,"long",8,4,22,-18.21,16.51
"7","pup",0.243835616,0,"long",9,4,26,-18.24,16.74
"7","pup",0.243835616,0,"long",10,4,30,-18.25,15.78
"7","pup",0.243835616,0,"long",11,4,34,-18.21,16.41
"7","pup",0.243835616,0,"long",12,4,38,-17.78,17.34
"7","pup",0.243835616,0,"long",13,6,44,-17.33,17.61
"7","pup",0.243835616,0,"long",14,6,50,-16.98,18.42
"7","pup",0.243835616,0,"long",15,18,68,-17.33,18.69
"8","pup",0.243835616,0,"long",1,4,4,-17.87,16.91
"8","pup",0.243835616,0,"long",2,2,6,-17.92,16.61
"8","pup",0.243835616,0,"long",3,2,8,-17.98,16.68
"8","pup",0.243835616,0,"long",4,2,10,-18,16.63
"8","pup",0.243835616,0,"long",5,2,12,-17.81,16.55
"8","pup",0.243835616,0,"long",6,2,14,-17.97,16.57
"8","pup",0.243835616,0,"long",7,2,16,-18.02,16.7
"8","pup",0.243835616,0,"long",8,2,18,-18.14,17.81
"8","pup",0.243835616,0,"long",9,2,20,-18.06,17.02
"8","pup",0.243835616,0,"long",10,2,22,-18.1,17.1
"8","pup",0.243835616,0,"long",11,2,24,-18.04,17.6
"8","pup",0.243835616,0,"long",12,4,28,-18.14,17
"8","pup",0.243835616,0,"long",13,4,32,-18.46,16.31
"8","pup",0.243835616,0,"long",14,6,38,-17.81,17.21
"8","pup",0.243835616,0,"long",15,6,44,-17.02,17.98
"8","pup",0.243835616,0,"long",16,23,67,-17.01,18.35
"9","pup",0.243835616,0,"long",1,2,2,-18.32,18.6
"9","pup",0.243835616,0,"long",2,2,4,-18.08,18.38
"9","pup",0.243835616,0,"long",3,2,6,-17.91,18.3
"9","pup",0.243835616,0,"long",4,2,8,-18.12,18.42
"9","pup",0.243835616,0,"long",5,2,10,-18.16,18.27
"9","pup",0.243835616,0,"long",6,4,14,-18.12,18
"9","pup",0.243835616,0,"long",7,2,16,-18.34,18.1
"9","pup",0.243835616,0,"long",8,2,18,-18.35,18.09
"9","pup",0.243835616,0,"long",9,2,20,-18.38,18.1
"9","pup",0.243835616,0,"long",10,2,22,-18.34,18.16
"9","pup",0.243835616,0,"long",11,4,26,-18.28,17.72
"9","pup",0.243835616,0,"long",12,4,30,-18.26,17.99
"9","pup",0.243835616,0,"long",13,4,34,-18.13,17.28
"9","pup",0.243835616,0,"long",14,6,40,-18.82,16.33
"9","pup",0.243835616,0,"long",15,6,46,-17.98,18.45
"9","pup",0.243835616,0,"long",16,4,50,-17.84,19.36
"9","pup",0.243835616,0,"long",17,14,64,-17.75,18.85
"13","pup",0.252054795,0,"long",1,2,2,-17.92,17.82
"13","pup",0.252054795,0,"long",2,2,4,-17.94,17.43
"13","pup",0.252054795,0,"long",3,2,6,-17.94,16.69
"13","pup",0.252054795,0,"long",4,2,8,-17.81,16.47
"13","pup",0.252054795,0,"long",5,2,10,-17.69,16.32
"13","pup",0.252054795,0,"long",6,2,12,-17.79,16.41
"13","pup",0.252054795,0,"long",7,2,14,-17.74,15.88
"13","pup",0.252054795,0,"long",8,2,16,-17.82,15.59
"13","pup",0.252054795,0,"long",9,2,18,-17.87,14.65
"13","pup",0.252054795,0,"long",10,2,20,-17.96,14.31
"13","pup",0.252054795,0,"long",11,2,22,-17.61,15.66
"13","pup",0.252054795,0,"long",12,2,24,-17.07,15.5
"13","pup",0.252054795,0,"long",13,2,26,-17.04,16.2
"13","pup",0.252054795,0,"long",14,2,28,-17.41,15.51
"13","pup",0.252054795,0,"long",15,2,30,-18.27,15
"13","pup",0.252054795,0,"long",16,2,32,-18.02,16.73
"13","pup",0.252054795,0,"long",17,2,34,-17.82,16.75
"13","pup",0.252054795,0,"long",18,4,38,-17.85,17.08
"13","pup",0.252054795,0,"long",19,4,42,-17.88,16.18
"13","pup",0.252054795,0,"long",20,6,48,-17.81,16.74
"13","pup",0.252054795,0,"long",21,27,75,-17.72,16.14
"20","pup",0.271232877,0,"long",1,2,2,-17.78,16.4
"20","pup",0.271232877,0,"long",2,2,4,-17.87,16.38
"20","pup",0.271232877,0,"long",3,2,6,-17.97,16.03
"20","pup",0.271232877,0,"long",4,2,8,-18.01,15.66
"20","pup",0.271232877,0,"long",5,1,9,-17.96,15.53
"20","pup",0.271232877,0,"long",6,2,11,-17.83,15.32
"20","pup",0.271232877,0,"long",7,1,12,-17.74,15.42
"20","pup",0.271232877,0,"long",8,2,14,-17.49,15.36
"20","pup",0.271232877,0,"long",9,2,16,-17.45,14.51
"20","pup",0.271232877,0,"long",10,2,18,-17.19,13.85
"20","pup",0.271232877,0,"long",11,2,20,-17.58,12.86
"20","pup",0.271232877,0,"long",12,2,22,-17.77,15.4
"20","pup",0.271232877,0,"long",13,2,24,-17.34,15.87
"20","pup",0.271232877,0,"long",14,2,26,-17.21,15.46
"20","pup",0.271232877,0,"long",15,2,28,-17.12,16.03
"20","pup",0.271232877,0,"long",16,2,30,-17.83,15.08
"20","pup",0.271232877,0,"long",17,2,32,-17.59,12.69
"20","pup",0.271232877,0,"long",18,2,34,-18,11.61
"20","pup",0.271232877,0,"long",19,4,38,-18.22,13.95
"20","pup",0.271232877,0,"long",20,4,42,-17.8,14.31
"20","pup",0.271232877,0,"long",21,4,46,-17.68,13.79
"20","pup",0.271232877,0,"long",22,6,52,-17.61,14.26
"20","pup",0.271232877,0,"long",23,17,69,-17.35,13.2
"22","pup",0.279452055,0,"long",1,2,2,-18.21,19.64
"22","pup",0.279452055,0,"long",2,2,4,-17.95,19.42
"22","pup",0.279452055,0,"long",3,2,6,-17.78,19.26
"22","pup",0.279452055,0,"long",4,2,8,-17.76,19.11
"22","pup",0.279452055,0,"long",5,2,10,-17.73,18.98
"22","pup",0.279452055,0,"long",6,2,12,-17.77,18.76
"22","pup",0.279452055,0,"long",7,2,14,-17.82,18.61
"22","pup",0.279452055,0,"long",8,2,16,-17.95,18.4
"22","pup",0.279452055,0,"long",9,2,18,-17.99,18.26
"22","pup",0.279452055,0,"long",10,2,20,-18.08,18.14
"22","pup",0.279452055,0,"long",11,2,22,-18.15,17.99
"22","pup",0.279452055,0,"long",12,2,24,-18.27,18.01
"22","pup",0.279452055,0,"long",13,2,26,-18.33,17.89
"22","pup",0.279452055,0,"long",14,2,28,-18.52,17.37
"22","pup",0.279452055,0,"long",15,2,30,-18.66,17.65
"22","pup",0.279452055,0,"long",16,2,32,-18.53,17.02
"22","pup",0.279452055,0,"long",17,2,34,-18.67,16.28
"22","pup",0.279452055,0,"long",18,2,36,-18.83,15.9
"22","pup",0.279452055,0,"long",19,2,38,-19.07,15.74
"22","pup",0.279452055,0,"long",20,2,40,-19.23,15.95
"22","pup",0.279452055,0,"long",21,4,44,-18.76,16.84
"22","pup",0.279452055,0,"long",22,4,48,-18.01,18.99
"22","pup",0.279452055,0,"long",23,4,52,-17.78,19.38
"22","pup",0.279452055,0,"long",24,4,56,-17.51,18.94
"22","pup",0.279452055,0,"long",25,8,64,-17.33,18.82
"22","pup",0.279452055,0,"long",26,25,89,-17.34,18.6
"24","pup",0.279452055,0,"long",1,2,2,-18.04,19.7
"24","pup",0.279452055,0,"long",2,2,4,-17.95,19.11
"24","pup",0.279452055,0,"long",3,2,6,-17.98,18.93
"24","pup",0.279452055,0,"long",4,2,8,-17.95,18.82
"24","pup",0.279452055,0,"long",5,2,10,-17.95,18.77
"24","pup",0.279452055,0,"long",6,2,12,-18.02,18.52
"24","pup",0.279452055,0,"long",7,2,14,-18.14,18.47
"24","pup",0.279452055,0,"long",8,2,16,-18.23,18.47
"24","pup",0.279452055,0,"long",9,2,18,-18.2,18.34
"24","pup",0.279452055,0,"long",10,2,20,-18.32,18.31
"24","pup",0.279452055,0,"long",11,2,22,-18.25,18.22
"24","pup",0.279452055,0,"long",12,4,26,-18.3,17.41
"24","pup",0.279452055,0,"long",13,4,30,-18.58,16.3
"24","pup",0.279452055,0,"long",14,6,36,-18.35,17.68
"24","pup",0.279452055,0,"long",15,6,42,-17.76,19.03
"24","pup",0.279452055,0,"long",16,14,56,-17.06,18.37
"24","pup",0.279452055,0,"long",17,10,66,NA,NA
"26","pup",0.279452055,0,"long",1,2,2,NA,NA
"26","pup",0.279452055,0,"long",2,2,4,-17.7,19.31
"26","pup",0.279452055,0,"long",3,2,6,-17.55,19.47
"26","pup",0.279452055,0,"long",4,2,8,-17.64,19.25
"26","pup",0.279452055,0,"long",5,2,10,-17.67,19.08
"26","pup",0.279452055,0,"long",6,2,12,-17.71,18.95
"26","pup",0.279452055,0,"long",7,2,14,-17.68,18.89
"26","pup",0.279452055,0,"long",8,2,16,-17.65,18.64
"26","pup",0.279452055,0,"long",9,2,18,-17.71,18.69
"26","pup",0.279452055,0,"long",10,2,20,-17.61,18.49
"26","pup",0.279452055,0,"long",11,2,22,-17.63,18.39
"26","pup",0.279452055,0,"long",12,2,24,-17.76,18.35
"26","pup",0.279452055,0,"long",13,2,26,-17.73,18.29
"26","pup",0.279452055,0,"long",14,2,28,-17.76,18.22
"26","pup",0.279452055,0,"long",15,2,30,-17.81,18.08
"26","pup",0.279452055,0,"long",16,2,32,-17.8,17.99
"26","pup",0.279452055,0,"long",17,2,34,-17.81,17.69
"26","pup",0.279452055,0,"long",18,2,36,-17.82,17.57
"26","pup",0.279452055,0,"long",19,2,38,-17.87,17.69
"26","pup",0.279452055,0,"long",20,2,40,-17.82,17.38
"26","pup",0.279452055,0,"long",21,4,44,-18.06,16.32
"26","pup",0.279452055,0,"long",22,4,48,-18.17,16.04
"26","pup",0.279452055,0,"long",23,4,52,-18,16.65
"26","pup",0.279452055,0,"long",24,6,58,-17.47,17.42
"26","pup",0.279452055,0,"long",25,14,72,-17.03,18
"26","pup",0.279452055,0,"long",26,14,86,-17.95,19.99
"27","pup",0.279452055,0,"long",1,2,2,-18.26,19.64
"27","pup",0.279452055,0,"long",2,2,4,-18.27,19.19
"27","pup",0.279452055,0,"long",3,2,6,-18.2,18.96
"27","pup",0.279452055,0,"long",4,2,8,-18.18,18.83
"27","pup",0.279452055,0,"long",5,2,10,-18.15,18.61
"27","pup",0.279452055,0,"long",6,2,12,-18.06,18.46
"27","pup",0.279452055,0,"long",7,2,14,-18.02,18.29
"27","pup",0.279452055,0,"long",8,2,16,-17.96,18.09
"27","pup",0.279452055,0,"long",9,2,18,-18.12,18.06
"27","pup",0.279452055,0,"long",10,2,20,-18.19,17.8
"27","pup",0.279452055,0,"long",11,2,22,-18.06,18.14
"27","pup",0.279452055,0,"long",12,2,24,-17.99,18.43
"27","pup",0.279452055,0,"long",13,2,26,-17.73,18.41
"27","pup",0.279452055,0,"long",14,2,28,-17.65,18.19
"27","pup",0.279452055,0,"long",15,2,30,-17.77,17.92
"27","pup",0.279452055,0,"long",16,2,32,-17.98,17.32
"27","pup",0.279452055,0,"long",17,2,34,-18.03,17.27
"27","pup",0.279452055,0,"long",18,2,36,-17.94,17.54
"27","pup",0.279452055,0,"long",19,2,38,-17.86,17.65
"27","pup",0.279452055,0,"long",20,2,40,-17.65,17.86
"27","pup",0.279452055,0,"long",21,2,42,-17.67,17.81
"27","pup",0.279452055,0,"long",22,2,44,-17.48,17.96
"27","pup",0.279452055,0,"long",23,2,46,-17.45,17.96
"27","pup",0.279452055,0,"long",24,2,48,-17.32,18.29
"27","pup",0.279452055,0,"long",25,2,50,-17.35,18.42
"27","pup",0.279452055,0,"long",26,4,54,-16.99,18.44
"27","pup",0.279452055,0,"long",27,4,58,-17.1,19.32
"27","pup",0.279452055,0,"long",28,22,80,-17.39,19.31
"31","pup",0.328767123,0,"long",1,4,4,-17.63,18.48
"31","pup",0.328767123,0,"long",2,2,6,-17.56,18.28
"31","pup",0.328767123,0,"long",3,2,8,-17.64,17.98
"31","pup",0.328767123,0,"long",4,2,10,-17.52,17.59
"31","pup",0.328767123,0,"long",5,2,12,-17.77,17.29
"31","pup",0.328767123,0,"long",6,2,14,-17.81,17.13
"31","pup",0.328767123,0,"long",7,2,16,-17.75,17.29
"31","pup",0.328767123,0,"long",8,2,18,-17.78,17.3
"31","pup",0.328767123,0,"long",9,2,20,-17.78,17.34
"31","pup",0.328767123,0,"long",10,2,22,-17.81,17.27
"31","pup",0.328767123,0,"long",11,4,26,-17.83,17.48
"31","pup",0.328767123,0,"long",12,4,30,-17.74,17.78
"31","pup",0.328767123,0,"long",13,4,34,-17.64,17.79
"31","pup",0.328767123,0,"long",14,4,38,-18.02,16.93
"31","pup",0.328767123,0,"long",15,4,42,-18.02,17.49
"31","pup",0.328767123,0,"long",16,4,46,-17.46,19.08
"31","pup",0.328767123,0,"long",17,4,50,-16.45,19.1
"31","pup",0.328767123,0,"long",18,6,54,-16.51,18.84
"31","pup",0.328767123,0,"long",19,12,60,-16.82,18.78
"31","pup",0.328767123,0,"long",20,32,92,-16.9,19.08
"32","pup",0.328767123,0,"long",1,2,2,-17.95,19.46
"32","pup",0.328767123,0,"long",2,2,4,-17.72,19.27
"32","pup",0.328767123,0,"long",3,2,6,-17.87,19.19
"32","pup",0.328767123,0,"long",4,2,8,-17.95,18.98
"32","pup",0.328767123,0,"long",5,2,10,-17.99,18.83
"32","pup",0.328767123,0,"long",6,2,12,-18.05,18.69
"32","pup",0.328767123,0,"long",7,2,16,-18.13,18.64
"32","pup",0.328767123,0,"long",8,2,14,-18.16,18.46
"32","pup",0.328767123,0,"long",9,2,18,-18.14,18.21
"32","pup",0.328767123,0,"long",10,2,20,-18.09,18.16
"32","pup",0.328767123,0,"long",11,2,22,-18.08,17.89
"32","pup",0.328767123,0,"long",12,2,24,NA,NA
"32","pup",0.328767123,0,"long",13,2,26,NA,NA
"32","pup",0.328767123,0,"long",14,2,28,NA,NA
"32","pup",0.328767123,0,"long",15,2,30,NA,NA
"32","pup",0.328767123,0,"long",16,2,32,NA,NA
"32","pup",0.328767123,0,"long",17,2,34,-18.49,17.08
"32","pup",0.328767123,0,"long",18,4,38,-18.31,17
"32","pup",0.328767123,0,"long",19,4,41,-18.18,17.07
"32","pup",0.328767123,0,"long",20,4,46,-18.03,16.92
"32","pup",0.328767123,0,"long",21,4,50,-18.08,16.51
"32","pup",0.328767123,0,"long",22,4,54,-18.29,16.89
"32","pup",0.328767123,0,"long",23,4,58,-17.26,17.4
"32","pup",0.328767123,0,"long",24,6,64,-16.73,17.73
"32","pup",0.328767123,0,"long",25,10,74,-16.87,18.28
"32","pup",0.328767123,0,"long",26,26,100,-17.45,18.59
"33","pup",0.328767123,0,"long",1,2,2,-18.36,19.22
"33","pup",0.328767123,0,"long",2,2,4,-18.07,19.08
"33","pup",0.328767123,0,"long",3,2,6,-18.01,18.79
"33","pup",0.328767123,0,"long",4,2,8,-17.96,18.51
"33","pup",0.328767123,0,"long",5,2,10,-17.91,18.29
"33","pup",0.328767123,0,"long",6,2,12,-17.89,17.95
"33","pup",0.328767123,0,"long",7,2,14,-17.89,17.46
"33","pup",0.328767123,0,"long",8,2,16,-17.93,17.23
"33","pup",0.328767123,0,"long",9,2,18,-17.98,17.16
"33","pup",0.328767123,0,"long",10,2,20,-18.03,16.85
"33","pup",0.328767123,0,"long",11,2,22,-18.17,16.96
"33","pup",0.328767123,0,"long",12,2,24,-18.26,16.92
"33","pup",0.328767123,0,"long",13,2,26,-18.29,16.82
"33","pup",0.328767123,0,"long",14,2,28,-18.4,16.94
"33","pup",0.328767123,0,"long",15,2,30,-18.48,17.15
"33","pup",0.328767123,0,"long",16,2,32,-18.47,17.01
"33","pup",0.328767123,0,"long",17,2,34,-18.52,17.04
"33","pup",0.328767123,0,"long",18,2,36,-18.49,16.9
"33","pup",0.328767123,0,"long",19,2,38,-18.44,16.84
"33","pup",0.328767123,0,"long",20,2,40,-18.35,16.3
"33","pup",0.328767123,0,"long",21,2,42,-18.44,15.81
"33","pup",0.328767123,0,"long",22,2,44,-18.81,15.22
"33","pup",0.328767123,0,"long",23,4,48,-19,14.78
"33","pup",0.328767123,0,"long",24,4,52,-18.44,15.78
"33","pup",0.328767123,0,"long",25,4,56,-18.12,16.41
"33","pup",0.328767123,0,"long",26,6,62,-18.03,16.84
"33","pup",0.328767123,0,"long",27,22,84,-18,18.03
"34","pup",0.328767123,0,"long",1,4,4,-18.42,19.55
"34","pup",0.328767123,0,"long",2,2,6,-18.38,19.29
"34","pup",0.328767123,0,"long",3,2,8,-18.43,19.11
"34","pup",0.328767123,0,"long",4,2,10,-18.44,18.76
"34","pup",0.328767123,0,"long",5,2,12,-18.42,18.55
"34","pup",0.328767123,0,"long",6,2,14,-18.38,18.34
"34","pup",0.328767123,0,"long",7,2,16,-18.34,18.33
"34","pup",0.328767123,0,"long",8,2,1,-18.35,18.4
"34","pup",0.328767123,0,"long",9,2,20,-18.25,18.33
"34","pup",0.328767123,0,"long",10,2,22,-18.33,18.36
"34","pup",0.328767123,0,"long",11,2,24,-18.32,18.27
"34","pup",0.328767123,0,"long",12,2,26,-18.27,18.25
"34","pup",0.328767123,0,"long",13,2,28,-18.2,18.29
"34","pup",0.328767123,0,"long",14,2,30,-18.09,18.54
"34","pup",0.328767123,0,"long",15,2,32,-17.91,18.25
"34","pup",0.328767123,0,"long",16,2,34,-17.88,17.71
"34","pup",0.328767123,0,"long",17,2,36,-18.01,17.2
"34","pup",0.328767123,0,"long",18,2,38,-18.19,16.97
"34","pup",0.328767123,0,"long",19,4,42,-17.84,17.84
"34","pup",0.328767123,0,"long",20,4,46,-17.37,18.99
"34","pup",0.328767123,0,"long",21,4,50,-16.82,18.9
"34","pup",0.328767123,0,"long",22,4,54,-16.47,18.57
"34","pup",0.328767123,0,"long",23,4,58,-16.64,18.27
"34","pup",0.328767123,0,"long",24,6,64,-16.83,18.24
"34","pup",0.328767123,0,"long",25,8,72,-16.88,18.45
"34","pup",0.328767123,0,"long",26,17,89,-17.3,18.49
"T15","juvenile",3,3,"long",1,3,3,-17.78,15.55
"T15","juvenile",3,3,"long",2,1,4,-17.17,15.91
"T15","juvenile",3,3,"long",3,1,5,-17.2,16.03
"T15","juvenile",3,3,"long",4,1,6,-16.87,16.25
"T15","juvenile",3,3,"long",5,1,7,-17,16.34
"T15","juvenile",3,3,"long",6,1,8,-16.99,16.34
"T15","juvenile",3,3,"long",7,1,9,-16.99,16.36
"T15","juvenile",3,3,"long",8,1,10,-16.92,16.5
"T15","juvenile",3,3,"long",9,1,11,-16.93,16.65
"T15","juvenile",3,3,"long",10,1,12,-16.58,16.63
"T15","juvenile",3,3,"long",11,1,13,-16.58,16.39
"T15","juvenile",3,3,"long",12,1,14,-16.87,15.93
"T15","juvenile",3,3,"long",13,1,15,-17.02,15.56
"T15","juvenile",3,3,"long",14,1,16,-17.1,16.07
"T15","juvenile",3,3,"long",15,1,17,-17.13,17.13
"T15","juvenile",3,3,"long",16,1,18,-17.34,17.5
"T15","juvenile",3,3,"long",17,1,19,-17.47,17.99
"T15","juvenile",3,3,"long",18,1,20,-17.5,18.2
"T15","juvenile",3,3,"long",19,1,21,-17.56,18.22
"T15","juvenile",3,3,"long",20,1,22,-17.6,18.1
"T15","juvenile",3,3,"long",21,1,23,-17.57,18.04
"T15","juvenile",3,3,"long",22,1,24,-17.59,17.81
"T15","juvenile",3,3,"long",23,1,25,-17.61,17.18
"T15","juvenile",3,3,"long",24,1,26,-17.63,16.52
"T15","juvenile",3,3,"long",25,1,27,-17.88,15.86
"T15","juvenile",3,3,"long",26,1,28,-18.09,15.31
"T15","juvenile",3,3,"long",27,1,29,-18.13,15.42
"T15","juvenile",3,3,"long",28,1,30,-18.15,15.86
"T15","juvenile",3,3,"long",29,2,32,-17.64,16.51
"T15","juvenile",3,3,"long",30,1,33,-17.33,16.49
"T15","juvenile",3,3,"long",31,1,34,-17.02,16.48
"T15","juvenile",3,3,"long",32,1,35,-16.96,16.36
"T15","juvenile",3,3,"long",33,1,36,-16.99,16.14
"T15","juvenile",3,3,"long",34,1,37,-17,15.99
"T15","juvenile",3,3,"long",35,1,38,-17.04,15.74
"T15","juvenile",3,3,"long",36,1,39,-17.18,15.3
"T15","juvenile",3,3,"long",37,1,40,-17.35,14.94
"T15","juvenile",3,3,"long",38,1,41,-17.66,14.59
"T15","juvenile",3,3,"long",39,1,42,-17.88,13.94
"T15","juvenile",3,3,"long",40,1,43,-18.02,13.79
"T15","juvenile",3,3,"long",41,1,44,-17.99,13.67
"T15","juvenile",3,3,"long",42,1,45,-17.52,14.75
"T15","juvenile",3,3,"long",43,1,46,-17.27,15.55
"T15","juvenile",3,3,"long",44,1,47,-17.41,15.77
"T15","juvenile",3,3,"long",45,1,48,-17.55,16.02
"T15","juvenile",3,3,"long",46,1,49,-17.7,15.61
"T15","juvenile",3,3,"long",47,1,50,-18,14.69
"T15","juvenile",3,3,"long",48,1,51,-18.21,14.18
"T15","juvenile",3,3,"long",49,1,52,-18.5,13.66
"T15","juvenile",3,3,"long",50,1,53,-18.53,13.38
"T15","juvenile",3,3,"long",51,1,54,-18.68,13.12
"T15","juvenile",3,3,"long",52,1,55,-18.74,12.92
"T15","juvenile",3,3,"long",53,1,56,-18.65,13.13
"T15","juvenile",3,3,"long",54,1,57,-18.75,13.13
"T15","juvenile",3,3,"long",55,1,58,-18.63,13.09
"T15","juvenile",3,3,"long",56,1,59,-18.61,13.28
"T15","juvenile",3,3,"long",57,1,60,-18.56,13.25
"T15","juvenile",3,3,"long",58,1,61,-18.51,13.63
"T15","juvenile",3,3,"long",59,1,62,-18.4,13.57
"T15","juvenile",3,3,"long",60,1,63,-18.22,13.8
"T15","juvenile",3,3,"long",61,1,64,-18.17,14.05
"T15","juvenile",3,3,"long",62,1,65,-17.92,14.35
"T15","juvenile",3,3,"long",63,1,66,-17.95,14.25
"T15","juvenile",3,3,"long",64,1,67,-17.81,14.33
"T15","juvenile",3,3,"long",65,1,68,-17.83,14.22
"T15","juvenile",3,3,"long",66,1,69,-17.76,14.21
"T15","juvenile",3,3,"long",67,1,70,-17.58,14.32
"T15","juvenile",3,3,"long",68,1,71,-17.63,14.22
"T15","juvenile",3,3,"long",69,2,73,-17.68,13.65
"T15","juvenile",3,3,"long",70,2,75,-18.03,13.07
"T15","juvenile",3,3,"long",71,2,77,-18.13,13.54
"T15","juvenile",3,3,"long",72,2,79,-18.23,15.15
"T15","juvenile",3,3,"long",73,2,81,-18.3,16.26
"T15","juvenile",3,3,"long",74,2,83,-18.39,16.39
"T15","juvenile",3,3,"long",75,2,85,-18.36,16.37
"T15","juvenile",3,3,"long",76,4,89,-18.22,16.22
"T15","juvenile",3,3,"long",77,4,93,-18.19,16.2
"T15","juvenile",3,3,"long",78,4,97,-18.22,16.39
"T15","juvenile",3,3,"long",79,4,101,-18.15,16.62
"T15","juvenile",3,3,"long",80,4,105,-18.14,17.24
"T15","juvenile",3,3,"long",81,4,109,-18.14,16.74
"T15","juvenile",3,3,"long",82,11,120,-18.21,16.62
"T5","juvenile",2,2,"long",1,2,2,-18.15,16.22
"T5","juvenile",2,2,"long",2,2,4,-17.62,15.57
"T5","juvenile",2,2,"long",3,1,5,-17.48,15.39
"T5","juvenile",2,2,"long",4,1,6,-17.62,15.03
"T5","juvenile",2,2,"long",5,1,7,-17.55,14.96
"T5","juvenile",2,2,"long",6,1,8,-17.59,14.82
"T5","juvenile",2,2,"long",7,1,9,-17.69,14.67
"T5","juvenile",2,2,"long",8,1,10,-17.75,14.68
"T5","juvenile",2,2,"long",9,1,11,-17.81,14.55
"T5","juvenile",2,2,"long",10,1,12,-17.9,14.56
"T5","juvenile",2,2,"long",11,1,13,-17.99,14.52
"T5","juvenile",2,2,"long",12,1,14,-18,14.48
"T5","juvenile",2,2,"long",13,1,15,-17.96,14.59
"T5","juvenile",2,2,"long",14,1,16,-17.82,14.62
"T5","juvenile",2,2,"long",15,1,17,-17.65,14.78
"T5","juvenile",2,2,"long",16,1,18,-17.64,14.66
"T5","juvenile",2,2,"long",17,1,19,-17.65,14.3
"T5","juvenile",2,2,"long",18,1,20,-17.66,13.78
"T5","juvenile",2,2,"long",19,1,21,-17.76,13.21
"T5","juvenile",2,2,"long",20,1,22,-17.93,12.92
"T5","juvenile",2,2,"long",21,1,23,-18.07,12.92
"T5","juvenile",2,2,"long",22,1,24,-18.14,12.91
"T5","juvenile",2,2,"long",23,1,25,-18.19,12.96
"T5","juvenile",2,2,"long",24,1,26,-18.18,12.97
"T5","juvenile",2,2,"long",25,1,27,-18.14,13.04
"T5","juvenile",2,2,"long",26,1,28,-18.14,12.92
"T5","juvenile",2,2,"long",27,1,29,-18.14,12.99
"T5","juvenile",2,2,"long",28,1,30,-18.06,12.93
"T5","juvenile",2,2,"long",29,1,31,-18.09,12.94
"T5","juvenile",2,2,"long",30,1,32,-18.14,13.04
"T5","juvenile",2,2,"long",31,1,33,-18.17,13.23
"T5","juvenile",2,2,"long",32,1,34,-18.2,13.41
"T5","juvenile",2,2,"long",33,1,35,-18.19,13.57
"T5","juvenile",2,2,"long",34,1,36,-18.27,13.67
"T5","juvenile",2,2,"long",35,1,37,-18.28,13.87
"T5","juvenile",2,2,"long",36,1,38,-18.33,13.88
"T5","juvenile",2,2,"long",37,1,39,-18.32,13.92
"T5","juvenile",2,2,"long",38,1,40,-18.46,13.81
"T5","juvenile",2,2,"long",39,1,41,-18.57,13.76
"T5","juvenile",2,2,"long",40,1,42,-18.67,13.71
"T5","juvenile",2,2,"long",41,1,43,-18.7,13.62
"T5","juvenile",2,2,"long",42,1,44,-18.75,13.7
"T5","juvenile",2,2,"long",43,2,46,-18.77,13.69
"T5","juvenile",2,2,"long",44,1,47,-18.74,13.9
"T5","juvenile",2,2,"long",45,1,48,-18.76,13.96
"T5","juvenile",2,2,"long",46,2,50,-18.62,13.96
"T5","juvenile",2,2,"long",47,2,52,-18.3,14.42
"T5","juvenile",2,2,"long",48,1,53,-18.19,14.51
"T5","juvenile",2,2,"long",49,1,54,-18.18,14.51
"T5","juvenile",2,2,"long",50,1,55,-18.26,14.11
"T5","juvenile",2,2,"long",51,2,57,-18.48,13.6
"T5","juvenile",2,2,"long",52,2,59,-18.64,13.22
"T5","juvenile",2,2,"long",53,1,60,-18.72,13
"T5","juvenile",2,2,"long",54,1,61,-18.7,13.02
"T5","juvenile",2,2,"long",55,1,62,-18.54,13.22
"T5","juvenile",2,2,"long",56,1,63,-18.42,13.48
"T5","juvenile",2,2,"long",57,1,64,-18.25,13.7
"T5","juvenile",2,2,"long",58,1,65,-18.17,14.05
"T5","juvenile",2,2,"long",59,1,66,-18.2,14.16
"T5","juvenile",2,2,"long",60,1,67,-18.18,14.2
"T5","juvenile",2,2,"long",61,1,68,-18.17,14.25
"T5","juvenile",2,2,"long",62,1,69,-18.13,14.34
"T5","juvenile",2,2,"long",63,1,70,-18.11,14.49
"T5","juvenile",2,2,"long",64,1,71,-18.05,14.42
"T5","juvenile",2,2,"long",65,2,73,-17.81,15.57
"T5","juvenile",2,2,"long",66,1,74,-17.66,16.69
"T5","juvenile",2,2,"long",67,1,75,-17.55,17.77
"T5","juvenile",2,2,"long",68,1,76,-17.52,18.42
"T5","juvenile",2,2,"long",69,1,77,-17.49,18.99
"T5","juvenile",2,2,"long",70,1,78,-17.45,19.03
"T5","juvenile",2,2,"long",71,1,79,-17.41,19.08
"T5","juvenile",2,2,"long",72,1,80,-17.4,19
"T5","juvenile",2,2,"long",73,2,82,-17.19,18.87
"T5","juvenile",2,2,"long",74,2,84,-17.14,18.55
"T5","juvenile",2,2,"long",75,2,86,-17.06,18.32
"T5","juvenile",2,2,"long",76,2,88,-17.11,18.17
"T5","juvenile",2,2,"long",77,2,90,-17.16,18.12
"T5","juvenile",2,2,"long",78,2,92,-17.16,18.18
"T5","juvenile",2,2,"long",79,2,94,-17.23,18.1
"T5","juvenile",2,2,"long",80,2,96,-17.33,18.04
"T5","juvenile",2,2,"long",81,2,98,-17.45,17.84
"T5","juvenile",2,2,"long",82,2,100,-17.53,17.62
"T5","juvenile",2,2,"long",83,2,102,-17.58,17.21
"T5","juvenile",2,2,"long",84,2,104,-17.83,16.25
"T5","juvenile",2,2,"long",85,4,108,-18.55,15.22
"T5","juvenile",2,2,"long",86,4,112,-18.85,15.29
"T5","juvenile",2,2,"long",87,4,116,-18.29,16.72
"T5","juvenile",2,2,"long",88,6,122,-17.74,17.61
"T5","juvenile",2,2,"long",89,13.17,135.17,-17.31,17.2
"T6","juvenile",3,3,"long",1,4,4,-18.58,16.67
"T6","juvenile",3,3,"long",2,2,6,-18.4,16.15
"T6","juvenile",3,3,"long",3,1,7,-18.42,15.87
"T6","juvenile",3,3,"long",4,1,8,-18.46,15.07
"T6","juvenile",3,3,"long",5,1,9,-18.38,14.7
"T6","juvenile",3,3,"long",6,1,10,-18.33,14.26
"T6","juvenile",3,3,"long",7,1,11,-18.3,14
"T6","juvenile",3,3,"long",8,1,12,-18.32,13.83
"T6","juvenile",3,3,"long",9,1,13,-18.35,13.66
"T6","juvenile",3,3,"long",10,1,14,-18.33,13.51
"T6","juvenile",3,3,"long",11,1,15,-18.2,13.47
"T6","juvenile",3,3,"long",12,1,16,-18.14,13.55
"T6","juvenile",3,3,"long",13,1,17,-18,13.82
"T6","juvenile",3,3,"long",14,1,18,-17.81,14.23
"T6","juvenile",3,3,"long",15,1,19,-17.66,14.34
"T6","juvenile",3,3,"long",16,1,20,-17.58,14.44
"T6","juvenile",3,3,"long",17,1,21,-17.53,14.26
"T6","juvenile",3,3,"long",18,1,22,-17.57,14.28
"T6","juvenile",3,3,"long",19,1,23,-17.47,14.27
"T6","juvenile",3,3,"long",20,1,24,-17.44,14.15
"T6","juvenile",3,3,"long",21,1,25,-17.44,14.13
"T6","juvenile",3,3,"long",22,1,26,-17.47,13.88
"T6","juvenile",3,3,"long",23,1,27,-17.5,13.72
"T6","juvenile",3,3,"long",24,1,28,-17.58,13.4
"T6","juvenile",3,3,"long",25,1,29,-17.59,13.14
"T6","juvenile",3,3,"long",26,1,30,-17.77,12.85
"T6","juvenile",3,3,"long",27,1,31,-17.86,12.84
"T6","juvenile",3,3,"long",28,1,32,-17.79,13.16
"T6","juvenile",3,3,"long",29,1,33,-17.79,13.31
"T6","juvenile",3,3,"long",30,1,34,-17.75,13.49
"T6","juvenile",3,3,"long",31,1,35,-17.8,13.77
"T6","juvenile",3,3,"long",32,1,36,-17.84,13.81
"T6","juvenile",3,3,"long",33,1,37,-17.95,13.72
"T6","juvenile",3,3,"long",34,1,38,-18.08,13.39
"T6","juvenile",3,3,"long",35,1,39,-18.14,13.2
"T6","juvenile",3,3,"long",36,1,40,-18.16,13.08
"T6","juvenile",3,3,"long",37,1,41,-18.23,13.03
"T6","juvenile",3,3,"long",38,1,42,-18.25,13.06
"T6","juvenile",3,3,"long",39,1,43,-18.25,13.27
"T6","juvenile",3,3,"long",40,1,44,-18.19,13.35
"T6","juvenile",3,3,"long",41,1,45,-18.32,13.21
"T6","juvenile",3,3,"long",42,1,46,-18.49,13.14
"T6","juvenile",3,3,"long",43,1,47,-18.56,13.02
"T6","juvenile",3,3,"long",44,1,48,-18.62,13.07
"T6","juvenile",3,3,"long",45,1,49,-18.62,13.07
"T6","juvenile",3,3,"long",46,1,50,-18.72,13.09
"T6","juvenile",3,3,"long",47,1,51,-18.72,13.11
"T6","juvenile",3,3,"long",48,1,52,-18.78,13.21
"T6","juvenile",3,3,"long",49,1,53,-18.7,13.19
"T6","juvenile",3,3,"long",50,1,54,-18.82,13.04
"T6","juvenile",3,3,"long",51,1,55,-18.8,13.09
"T6","juvenile",3,3,"long",52,1,56,-18.6,13.44
"T6","juvenile",3,3,"long",53,1,57,-18.45,13.7
"T6","juvenile",3,3,"long",54,1,58,-18.32,13.78
"T6","juvenile",3,3,"long",55,1,59,-18.23,14.1
"T6","juvenile",3,3,"long",56,1,60,-18.18,14.31
"T6","juvenile",3,3,"long",57,1,61,-18.05,14.52
"T6","juvenile",3,3,"long",58,1,62,-17.97,14.69
"T6","juvenile",3,3,"long",59,1,63,-17.87,14.83
"T6","juvenile",3,3,"long",60,1,64,-17.87,14.81
"T6","juvenile",3,3,"long",61,1,65,-17.83,14.75
"T6","juvenile",3,3,"long",62,1,66,-17.82,14.69
"T6","juvenile",3,3,"long",63,1,67,-17.77,14.69
"T6","juvenile",3,3,"long",64,1,68,-17.79,14.62
"T6","juvenile",3,3,"long",65,1,69,-17.81,14.38
"T6","juvenile",3,3,"long",66,1,70,-17.78,14.2
"T6","juvenile",3,3,"long",67,1,71,-17.7,14.24
"T6","juvenile",3,3,"long",68,1,72,-17.66,14.34
"T6","juvenile",3,3,"long",69,1,73,-17.58,14.29
"T6","juvenile",3,3,"long",70,1,74,-17.59,14.1
"T6","juvenile",3,3,"long",71,1,75,-17.57,13.97
"T6","juvenile",3,3,"long",72,1,76,-17.52,13.81
"T6","juvenile",3,3,"long",73,1,77,-17.55,13.59
"T6","juvenile",3,3,"long",74,1,78,-17.62,13.24
"T6","juvenile",3,3,"long",75,1,79,-17.65,12.87
"T6","juvenile",3,3,"long",76,1,80,-17.59,12.74
"T6","juvenile",3,3,"long",77,1,81,-17.72,12.04
"T6","juvenile",3,3,"long",78,1,82,-17.85,11.86
"T6","juvenile",3,3,"long",79,1,83,-18.03,11.57
"T6","juvenile",3,3,"long",80,1,84,-18.14,11.6
"T6","juvenile",3,3,"long",81,2,86,-18.26,11.93
"T6","juvenile",3,3,"long",82,2,88,-18.08,12.96
"T6","juvenile",3,3,"long",83,2,90,-17.67,14.91
"T6","juvenile",3,3,"long",84,2,92,-17.42,16.71
"T6","juvenile",3,3,"long",85,2,94,-17.31,17.84
"T6","juvenile",3,3,"long",86,2,96,-17.33,18.12
"T6","juvenile",3,3,"long",87,2,98,-17.39,18.08
"T6","juvenile",3,3,"long",88,2,100,-17.44,17.84
"T6","juvenile",3,3,"long",89,2,102,-17.54,17.51
"T6","juvenile",3,3,"long",90,2,104,-17.6,17.42
"T6","juvenile",3,3,"long",91,2,106,-17.61,17.21
"T6","juvenile",3,3,"long",92,2,108,-17.74,16.93
"T6","juvenile",3,3,"long",93,2,110,-17.83,16.54
"T6","juvenile",3,3,"long",94,2,112,-17.89,16.43
"T6","juvenile",3,3,"long",95,2,114,-17.97,16.12
"T6","juvenile",3,3,"long",96,2,116,-17.95,16.26
"T6","juvenile",3,3,"long",97,2,118,-17.85,16.31
"T6","juvenile",3,3,"long",98,2,120,-17.74,16.34
"T6","juvenile",3,3,"long",99,2,122,-17.77,16.14
"T6","juvenile",3,3,"long",100,4,126,-17.8,16.03
"T6","juvenile",3,3,"long",101,4,130,-18.01,15.58
"T6","juvenile",3,3,"long",102,4,134,-18.09,14.82
"T6","juvenile",3,3,"long",103,6,140,-17.91,14.09
"T6","juvenile",3,3,"long",104,8,148,-18.54,13.58
"T6","juvenile",3,3,"long",105,1.86,149.86,-18.24,12.33
"T3","juvenile",2,2,"long",1,3,3,-18.38,14.82
"T3","juvenile",2,2,"long",2,2,5,-18.68,13.52
"T3","juvenile",2,2,"long",3,1,6,-18.74,12.89
"T3","juvenile",2,2,"long",4,1,7,-18.63,12.72
"T3","juvenile",2,2,"long",5,1,8,-18.54,12.86
"T3","juvenile",2,2,"long",6,1,9,-18.25,13.26
"T3","juvenile",2,2,"long",7,1,10,-18.08,13.45
"T3","juvenile",2,2,"long",8,1,11,-17.95,13.7
"T3","juvenile",2,2,"long",9,1,12,-17.72,14.59
"T3","juvenile",2,2,"long",10,1,13,-17.74,15.22
"T3","juvenile",2,2,"long",11,1,14,-17.8,15.9
"T3","juvenile",2,2,"long",12,1,15,-17.98,15.94
"T3","juvenile",2,2,"long",13,1,16,-18.13,15.25
"T3","juvenile",2,2,"long",14,1,17,-18.33,14.3
"T3","juvenile",2,2,"long",15,1,18,-18.54,13.14
"T3","juvenile",2,2,"long",16,1,19,-18.71,12.01
"T3","juvenile",2,2,"long",17,1,20,-18.95,11.17
"T3","juvenile",2,2,"long",18,1,21,-19.15,10.66
"T3","juvenile",2,2,"long",19,1,22,-19.3,10.35
"T3","juvenile",2,2,"long",20,1,23,-19.19,10.27
"T3","juvenile",2,2,"long",21,1,24,-19.12,10.13
"T3","juvenile",2,2,"long",22,1,25,-19.21,10.14
"T3","juvenile",2,2,"long",23,2,27,-19.24,9.8
"T3","juvenile",2,2,"long",24,1,28,-19.25,9.93
"T3","juvenile",2,2,"long",25,1,29,-19.31,10.02
"T3","juvenile",2,2,"long",26,1,30,-19.24,10.1
"T3","juvenile",2,2,"long",27,2,32,-19.14,10.51
"T3","juvenile",2,2,"long",28,2,34,-19.04,11.07
"T3","juvenile",2,2,"long",29,2,36,-19.09,11.53
"T3","juvenile",2,2,"long",30,2,38,-18.95,11.96
"T3","juvenile",2,2,"long",31,2,40,-18.65,12.3
"T3","juvenile",2,2,"long",32,2,42,-18.29,13.68
"T3","juvenile",2,2,"long",33,2,44,-17.98,17
"T3","juvenile",2,2,"long",34,2,46,-17.83,19
"T3","juvenile",2,2,"long",35,2,48,-17.87,19.63
"T3","juvenile",2,2,"long",36,2,50,-17.77,19.44
"T3","juvenile",2,2,"long",37,2,52,-17.56,19.13
"T3","juvenile",2,2,"long",38,2,54,-17.45,18.85
"T3","juvenile",2,2,"long",39,2,56,-17.24,18.76
"T3","juvenile",2,2,"long",40,2,58,-17.25,18.53
"T3","juvenile",2,2,"long",41,2,60,-17.38,18.33
"T3","juvenile",2,2,"long",42,2,62,-17.33,17.96
"T3","juvenile",2,2,"long",43,4,66,-17.28,17.43
"T3","juvenile",2,2,"long",44,4,70,-17.41,16.69
"T3","juvenile",2,2,"long",45,6,76,-17.77,15.42
"T3","juvenile",2,2,"long",46,6,82,-17.49,15.38
"T3","juvenile",2,2,"long",47,12.87,94.87,-17.23,16.18
"T3","juvenile",2,2,"short",1,2,2,-18.35,15.09
"T3","juvenile",2,2,"short",2,1,3,-18.7,13.98
"T3","juvenile",2,2,"short",3,1,4,-18.73,13.44
"T3","juvenile",2,2,"short",4,1,5,-18.61,13.31
"T3","juvenile",2,2,"short",5,1,6,-18.37,13.52
"T3","juvenile",2,2,"short",6,1,7,-18.19,13.58
"T3","juvenile",2,2,"short",7,1,8,-18.04,13.74
"T3","juvenile",2,2,"short",8,1,9,-17.82,14.94
"T3","juvenile",2,2,"short",9,1,10,-17.73,15.39
"T3","juvenile",2,2,"short",10,1,11,-17.9,16.28
"T3","juvenile",2,2,"short",11,1,12,-18.07,15.51
"T3","juvenile",2,2,"short",12,1,13,-18.25,14.23
"T3","juvenile",2,2,"short",13,1,14,-18.53,12.88
"T3","juvenile",2,2,"short",14,1,15,-18.78,11.95
"T3","juvenile",2,2,"short",15,1,16,-19.03,11.37
"T3","juvenile",2,2,"short",16,1,17,-19.15,10.71
"T3","juvenile",2,2,"short",17,1,18,-19.21,10.6
"T3","juvenile",2,2,"short",18,1,19,-19.08,10.6
"T3","juvenile",2,2,"short",19,1,20,-19.15,10.36
"T3","juvenile",2,2,"short",20,1,21,-19.23,10.33
"T3","juvenile",2,2,"short",21,1,22,-19.27,9.94
"T3","juvenile",2,2,"short",22,1,23,-19.3,10.27
"T3","juvenile",2,2,"short",23,1,24,-19.23,10.54
"T3","juvenile",2,2,"short",24,1,25,-19.15,10.63
"T3","juvenile",2,2,"short",25,1,26,-19.16,11.14
"T3","juvenile",2,2,"short",26,1,27,-19.09,11.44
"T3","juvenile",2,2,"short",27,1,28,-19.09,11.81
"T3","juvenile",2,2,"short",28,2,30,-18.88,12.13
"T3","juvenile",2,2,"short",29,2,32,-18.41,13.59
"T3","juvenile",2,2,"short",30,3,35,-17.94,17.3
"T3","juvenile",2,2,"short",31,1,36,-17.89,19.2
"T3","juvenile",2,2,"short",32,2,38,-17.79,19.72
"T3","juvenile",2,2,"short",33,2,40,-17.6,19.58
"T3","juvenile",2,2,"short",34,2,42,-17.38,19.13
"T3","juvenile",2,2,"short",35,2,44,-17.24,18.93
"T3","juvenile",2,2,"short",36,2,46,-17.29,18.77
"T3","juvenile",2,2,"short",37,2,48,-17.01,18.27
"T3","juvenile",2,2,"short",38,4,52,-17.32,17.73
"T3","juvenile",2,2,"short",39,6,58,-17.52,16.48
"T3","juvenile",2,2,"short",40,6,64,-17.79,15.8
"T3","juvenile",2,2,"short",41,11.35,75.35,-17.67,17.42
"T11","juvenile",3,3,"long",1,2,2,-18.03,16.48
"T11","juvenile",3,3,"long",2,2,4,-17.52,15.79
"T11","juvenile",3,3,"long",3,1,5,-17.45,15.59
"T11","juvenile",3,3,"long",4,2,7,-17.4,15.31
"T11","juvenile",3,3,"long",5,1,8,-17.38,15.2
"T11","juvenile",3,3,"long",6,1,9,-17.35,15.33
"T11","juvenile",3,3,"long",7,1,10,-17.41,15.21
"T11","juvenile",3,3,"long",8,1,11,-17.44,15.16
"T11","juvenile",3,3,"long",9,1,12,-17.47,15.16
"T11","juvenile",3,3,"long",10,1,13,-17.38,15.36
"T11","juvenile",3,3,"long",11,1,14,-17.11,15.66
"T11","juvenile",3,3,"long",12,1,15,-16.99,15.96
"T11","juvenile",3,3,"long",13,1,16,-16.88,16.27
"T11","juvenile",3,3,"long",14,1,17,-16.93,15.78
"T11","juvenile",3,3,"long",15,1,18,-16.79,16.1
"T11","juvenile",3,3,"long",16,1,19,-16.78,16.82
"T11","juvenile",3,3,"long",17,1,20,-16.94,17.03
"T11","juvenile",3,3,"long",18,1,21,-17.15,17.68
"T11","juvenile",3,3,"long",19,1,22,-17.35,17.6
"T11","juvenile",3,3,"long",20,1,23,-17.52,17.93
"T11","juvenile",3,3,"long",21,1,24,-17.68,17.9
"T11","juvenile",3,3,"long",22,1,25,-17.68,18.05
"T11","juvenile",3,3,"long",23,1,26,-17.75,18
"T11","juvenile",3,3,"long",24,1,27,-17.76,17.44
"T11","juvenile",3,3,"long",25,1,28,-17.71,16.76
"T11","juvenile",3,3,"long",26,1,29,-17.63,16.2
"T11","juvenile",3,3,"long",27,1,30,-17.65,15.6
"T11","juvenile",3,3,"long",28,1,31,-17.68,15.53
"T11","juvenile",3,3,"long",29,1,32,-17.66,15.1
"T11","juvenile",3,3,"long",30,1,33,-17.83,14.81
"T11","juvenile",3,3,"long",31,1,34,-17.95,14.81
"T11","juvenile",3,3,"long",32,2,36,-18.14,14.68
"T11","juvenile",3,3,"long",33,1,37,-18.25,14.92
"T11","juvenile",3,3,"long",34,1,38,-18.24,15.06
"T11","juvenile",3,3,"long",35,1,39,-18.19,15.24
"T11","juvenile",3,3,"long",36,2,41,-17.87,15.15
"T11","juvenile",3,3,"long",37,1,42,-17.75,15.35
"T11","juvenile",3,3,"long",38,1,43,-17.76,15.18
"T11","juvenile",3,3,"long",39,1,44,-17.76,15.15
"T11","juvenile",3,3,"long",40,1,45,-17.87,14.71
"T11","juvenile",3,3,"long",41,1,46,-17.99,14.13
"T11","juvenile",3,3,"long",42,1,47,-17.87,14.55
"T11","juvenile",3,3,"long",43,1,48,-17.53,14.89
"T11","juvenile",3,3,"long",44,1,49,-17.4,15.32
"T11","juvenile",3,3,"long",45,1,50,-17.34,16.17
"T11","juvenile",3,3,"long",46,1,51,-17.37,15.87
"T11","juvenile",3,3,"long",47,1,52,-17.5,15.86
"T11","juvenile",3,3,"long",48,1,53,-17.7,15.58
"T11","juvenile",3,3,"long",49,1,54,-17.99,14.51
"T11","juvenile",3,3,"long",50,1,55,-18.26,13.7
"T11","juvenile",3,3,"long",51,1,56,-18.6,12.67
"T11","juvenile",3,3,"long",52,1,57,-18.82,12.12
"T11","juvenile",3,3,"long",53,1,58,-18.99,11.99
"T11","juvenile",3,3,"long",54,1,59,-19.01,11.55
"T11","juvenile",3,3,"long",55,1,60,-19,11.6
"T11","juvenile",3,3,"long",56,1,61,-18.98,11.78
"T11","juvenile",3,3,"long",57,1,62,-18.92,11.74
"T11","juvenile",3,3,"long",58,1,63,-18.92,11.87
"T11","juvenile",3,3,"long",59,1,64,-18.89,11.93
"T11","juvenile",3,3,"long",60,1,65,-18.86,12.02
"T11","juvenile",3,3,"long",61,1,66,-18.85,11.94
"T11","juvenile",3,3,"long",62,1,67,-19.03,12.17
"T11","juvenile",3,3,"long",63,1,68,-19.03,12
"T11","juvenile",3,3,"long",64,1,69,-19.11,11.85
"T11","juvenile",3,3,"long",65,2,71,-19.02,11.44
"T11","juvenile",3,3,"long",66,2,73,-19.06,11.56
"T11","juvenile",3,3,"long",67,2,75,-18.97,11.75
"T11","juvenile",3,3,"long",68,2,77,-18.72,12.68
"T11","juvenile",3,3,"long",69,2,79,-18.3,13.81
"T11","juvenile",3,3,"long",70,2,81,-18.02,14.41
"T11","juvenile",3,3,"long",71,2,83,-17.91,14.45
"T11","juvenile",3,3,"long",72,2,85,-18.06,14.14
"T11","juvenile",3,3,"long",73,2,87,-18.31,13.89
"T11","juvenile",3,3,"long",74,2,89,-18.31,14.76
"T11","juvenile",3,3,"long",75,2,91,-18.19,16.57
"T11","juvenile",3,3,"long",76,2,93,-18.05,17.51
"T11","juvenile",3,3,"long",77,2,95,-18.06,17.55
"T11","juvenile",3,3,"long",78,2,97,-18.11,17.63
"T11","juvenile",3,3,"long",79,2,99,-18.26,17.46
"T11","juvenile",3,3,"long",80,2,101,-18.22,17.6
"T11","juvenile",3,3,"long",81,4,105,-18.2,17.14
"T11","juvenile",3,3,"long",82,4,109,-18.22,17
"T11","juvenile",3,3,"long",83,2,111,-18.08,16.45
"T11","juvenile",3,3,"long",84,1.35,112.35,-18.19,16.64
"T11","juvenile",3,3,"short",1,2,2,-17.94,16.38
"T11","juvenile",3,3,"short",2,1,3,-17.54,16.07
"T11","juvenile",3,3,"short",3,1,4,-17.44,15.89
"T11","juvenile",3,3,"short",4,1,5,-17.47,15.47
"T11","juvenile",3,3,"short",5,1,6,-17.49,15.39
"T11","juvenile",3,3,"short",6,1,7,-17.49,15.35
"T11","juvenile",3,3,"short",7,1,8,-17.47,15.36
"T11","juvenile",3,3,"short",8,1,9,-17.36,15.76
"T11","juvenile",3,3,"short",9,1,10,-17.21,15.82
"T11","juvenile",3,3,"short",10,1,11,-17.02,15.89
"T11","juvenile",3,3,"short",11,1,12,-16.92,16.22
"T11","juvenile",3,3,"short",12,1,13,-16.97,16.76
"T11","juvenile",3,3,"short",13,1,14,-17.11,17.24
"T11","juvenile",3,3,"short",14,1,15,-17.34,17.51
"T11","juvenile",3,3,"short",15,1,16,-17.6,17.92
"T11","juvenile",3,3,"short",16,1,17,-17.75,18.05
"T11","juvenile",3,3,"short",17,1,18,-17.85,17.93
"T11","juvenile",3,3,"short",18,1,19,-17.78,17.39
"T11","juvenile",3,3,"short",19,1,20,-17.76,16.66
"T11","juvenile",3,3,"short",20,1,21,-17.73,16.18
"T11","juvenile",3,3,"short",21,1,22,-17.77,15.78
"T11","juvenile",3,3,"short",22,1,23,-17.72,15.5
"T11","juvenile",3,3,"short",23,1,24,-17.83,15.04
"T11","juvenile",3,3,"short",24,1,25,-18.07,14.9
"T11","juvenile",3,3,"short",25,1,26,-18.27,15
"T11","juvenile",3,3,"short",26,1,27,-18.31,15.11
"T11","juvenile",3,3,"short",27,1,28,-18.24,15.32
"T11","juvenile",3,3,"short",28,1,29,-17.98,15.31
"T11","juvenile",3,3,"short",29,1,30,-17.93,15.41
"T11","juvenile",3,3,"short",30,1,31,-17.82,15.41
"T11","juvenile",3,3,"short",31,1,32,-17.82,15.13
"T11","juvenile",3,3,"short",32,1,33,-17.87,14.67
"T11","juvenile",3,3,"short",33,1,34,-17.94,14.53
"T11","juvenile",3,3,"short",34,1,35,-17.72,14.6
"T11","juvenile",3,3,"short",35,1,36,-17.52,15.21
"T11","juvenile",3,3,"short",36,1,37,-17.38,15.53
"T11","juvenile",3,3,"short",37,1,38,-17.34,15.64
"T11","juvenile",3,3,"short",38,1,39,-17.45,15.99
"T11","juvenile",3,3,"short",39,1,40,-17.7,15.4
"T11","juvenile",3,3,"short",40,1,41,-18.05,14.42
"T11","juvenile",3,3,"short",41,1,42,-18.41,13.2
"T11","juvenile",3,3,"short",42,1,43,-18.72,12.46
"T11","juvenile",3,3,"short",43,1,44,-18.87,11.85
"T11","juvenile",3,3,"short",44,1,45,-18.99,11.51
"T11","juvenile",3,3,"short",45,1,46,-19.07,11.44
"T11","juvenile",3,3,"short",46,1,47,-18.93,11.43
"T11","juvenile",3,3,"short",47,1,48,-19.04,11.65
"T11","juvenile",3,3,"short",48,1,49,-19.09,11.6
"T11","juvenile",3,3,"short",49,1,50,-18.91,11.54
"T11","juvenile",3,3,"short",50,1,51,-18.95,11.59
"T11","juvenile",3,3,"short",51,1,52,-18.93,11.66
"T11","juvenile",3,3,"short",52,1,53,-19.07,11.57
"T11","juvenile",3,3,"short",53,1,54,-19.02,11.37
"T11","juvenile",3,3,"short",54,1,55,-19.05,11.2
"T11","juvenile",3,3,"short",55,1,56,-19.11,11.35
"T11","juvenile",3,3,"short",56,1,57,-19.16,11.42
"T11","juvenile",3,3,"short",57,2,59,-19.06,11.62
"T11","juvenile",3,3,"short",58,2,61,-18.66,12.74
"T11","juvenile",3,3,"short",59,2,63,-18.28,13.91
"T11","juvenile",3,3,"short",60,2,65,-17.99,14.1
"T11","juvenile",3,3,"short",61,2,67,-18.16,13.83
"T11","juvenile",3,3,"short",62,2,69,-18.23,14.45
"T11","juvenile",3,3,"short",63,2,71,-18.23,16.08
"T11","juvenile",3,3,"short",64,2,73,-18.08,17.16
"T11","juvenile",3,3,"short",65,2,75,-18.18,17.16
"T11","juvenile",3,3,"short",66,2,77,-18.32,16.91
"T11","juvenile",3,3,"short",67,2,79,-18.3,16.72
"T11","juvenile",3,3,"short",68,2,81,-18.34,16.43
"T11","juvenile",3,3,"short",69,4,85,-18.2,16.28
"T11","juvenile",3,3,"short",70,4,89,-18.23,15.98
"T11","juvenile",3,3,"short",71,5.65,94.65,-18.26,16.21
"T7","juvenile",4,4,"long",1,2,2,-17.95,16.64
"T7","juvenile",4,4,"long",2,2,4,-17.91,15.28
"T7","juvenile",4,4,"long",3,1,5,-17.84,15.34
"T7","juvenile",4,4,"long",4,1,6,-17.56,15.62
"T7","juvenile",4,4,"long",5,1,7,-17.61,15.92
"T7","juvenile",4,4,"long",6,1,8,-17.14,16.02
"T7","juvenile",4,4,"long",7,1,9,-17.06,16.13
"T7","juvenile",4,4,"long",8,1,10,-17.14,15.78
"T7","juvenile",4,4,"long",9,1,11,-17.24,15.11
"T7","juvenile",4,4,"long",10,1,12,-17.38,14.55
"T7","juvenile",4,4,"long",11,1,13,-17.42,14.04
"T7","juvenile",4,4,"long",12,1,14,-17.6,13.75
"T7","juvenile",4,4,"long",13,1,15,-17.69,13.56
"T7","juvenile",4,4,"long",14,1,16,-17.52,14.57
"T7","juvenile",4,4,"long",15,1,17,-17.67,14.97
"T7","juvenile",4,4,"long",16,1,18,-17.67,14.72
"T7","juvenile",4,4,"long",17,1,19,-17.63,14.47
"T7","juvenile",4,4,"long",18,1,20,-17.78,14.66
"T7","juvenile",4,4,"long",19,1,21,-17.8,14.62
"T7","juvenile",4,4,"long",20,1,22,-17.66,14.56
"T7","juvenile",4,4,"long",21,1,23,-17.78,15
"T7","juvenile",4,4,"long",22,1,24,-17.72,15.04
"T7","juvenile",4,4,"long",23,1,25,-17.93,14.53
"T7","juvenile",4,4,"long",24,1,26,-18.1,14.33
"T7","juvenile",4,4,"long",25,1,27,-18.27,14.07
"T7","juvenile",4,4,"long",26,1,28,-18.19,14.49
"T7","juvenile",4,4,"long",27,1,29,-17.99,15.04
"T7","juvenile",4,4,"long",28,2,31,-17.52,15.62
"T7","juvenile",4,4,"long",29,1,32,-17.36,15.92
"T7","juvenile",4,4,"long",30,1,33,-17.27,15.55
"T7","juvenile",4,4,"long",31,1,34,-17.26,15.42
"T7","juvenile",4,4,"long",32,1,35,-17.55,14.8
"T7","juvenile",4,4,"long",33,1,36,-17.74,14.35
"T7","juvenile",4,4,"long",34,1,37,-17.9,13.84
"T7","juvenile",4,4,"long",35,1,38,-18.11,13.35
"T7","juvenile",4,4,"long",36,1,39,-18.23,13.26
"T7","juvenile",4,4,"long",37,1,40,-18.1,13.56
"T7","juvenile",4,4,"long",38,1,41,-17.93,13.71
"T7","juvenile",4,4,"long",39,1,42,-17.63,14.16
"T7","juvenile",4,4,"long",40,1,43,-17.46,14.2
"T7","juvenile",4,4,"long",41,1,44,-17.35,13.99
"T7","juvenile",4,4,"long",42,1,45,-17.35,14.22
"T7","juvenile",4,4,"long",43,1,46,-17.32,14.19
"T7","juvenile",4,4,"long",44,1,47,-17.33,14.11
"T7","juvenile",4,4,"long",45,1,48,-17.39,14.31
"T7","juvenile",4,4,"long",46,1,49,-17.43,14.49
"T7","juvenile",4,4,"long",47,1,50,-17.42,14.65
"T7","juvenile",4,4,"long",48,1,51,-17.49,14.84
"T7","juvenile",4,4,"long",49,1,52,-17.57,14.67
"T7","juvenile",4,4,"long",50,1,53,-17.72,14.48
"T7","juvenile",4,4,"long",51,1,54,-17.76,14.33
"T7","juvenile",4,4,"long",52,1,55,-17.62,14.39
"T7","juvenile",4,4,"long",53,1,56,-17.69,14.35
"T7","juvenile",4,4,"long",54,1,57,-17.79,14.47
"T7","juvenile",4,4,"long",55,1,58,-17.78,14.6
"T7","juvenile",4,4,"long",56,1,59,-17.77,14.94
"T7","juvenile",4,4,"long",57,1,60,-17.58,15.02
"T7","juvenile",4,4,"long",58,1,61,-17.48,15.04
"T7","juvenile",4,4,"long",59,1,62,-17.45,15.11
"T7","juvenile",4,4,"long",60,1,63,-17.43,15.15
"T7","juvenile",4,4,"long",61,1,64,-17.21,15.21
"T7","juvenile",4,4,"long",62,2,66,-17.15,15.37
"T7","juvenile",4,4,"long",63,2,68,-17.37,14.9
"T7","juvenile",4,4,"long",64,2,70,-17.66,14.34
"T7","juvenile",4,4,"long",65,2,72,-17.93,13.96
"T7","juvenile",4,4,"long",66,2,74,-18.06,13.54
"T7","juvenile",4,4,"long",67,2,76,-18.26,13.08
"T7","juvenile",4,4,"long",68,2,78,-18.28,13.02
"T7","juvenile",4,4,"long",69,2,80,-18.33,13.1
"T7","juvenile",4,4,"long",70,2,82,-18.33,13.34
"T7","juvenile",4,4,"long",71,2,84,-18.29,13.52
"T7","juvenile",4,4,"long",72,2,86,-18.37,13.58
"T7","juvenile",4,4,"long",73,2,88,-18.52,13.52
"T7","juvenile",4,4,"long",74,2,90,-18.56,13.54
"T7","juvenile",4,4,"long",75,2,92,-18.53,13.48
"T7","juvenile",4,4,"long",76,2,94,-18.67,13.63
"T7","juvenile",4,4,"long",77,2,96,-18.65,14.2
"T7","juvenile",4,4,"long",78,2,98,-18.22,14.98
"T7","juvenile",4,4,"long",79,3,101,-17.99,15.85
"T7","juvenile",4,4,"long",80,4,105,-17.38,16.61
"T7","juvenile",4,4,"long",81,3,108,-17.38,17
"T7","juvenile",4,4,"short",1,1,1,-17.55,16.01
"T7","juvenile",4,4,"short",2,0.5,1.5,-17.36,16.23
"T7","juvenile",4,4,"short",3,0.5,2,-17.23,16.06
"T7","juvenile",4,4,"short",4,1,3,-17.29,15.67
"T7","juvenile",4,4,"short",5,1,4,-17.31,15.15
"T7","juvenile",4,4,"short",6,1,5,-17.38,14.92
"T7","juvenile",4,4,"short",7,1,6,-17.47,14.44
"T7","juvenile",4,4,"short",8,1,7,-17.48,14.68
"T7","juvenile",4,4,"short",9,1,8,-17.6,14.68
"T7","juvenile",4,4,"short",10,1,9,-17.73,14.6
"T7","juvenile",4,4,"short",11,1,10,-17.77,14.81
"T7","juvenile",4,4,"short",12,1,11,-17.77,14.79
"T7","juvenile",4,4,"short",13,1,12,-17.77,15
"T7","juvenile",4,4,"short",14,1,13,-17.85,15.02
"T7","juvenile",4,4,"short",15,1,14,-18.03,14.75
"T7","juvenile",4,4,"short",16,1,15,-18.08,14.57
"T7","juvenile",4,4,"short",17,1,16,-17.97,14.89
"T7","juvenile",4,4,"short",18,1,17,-17.83,15.27
"T7","juvenile",4,4,"short",19,1,18,-17.7,15.53
"T7","juvenile",4,4,"short",20,1,19,-17.64,15.59
"T7","juvenile",4,4,"short",21,1,20,-17.54,15.56
"T7","juvenile",4,4,"short",22,1,21,-17.57,15.43
"T7","juvenile",4,4,"short",23,1,22,-17.67,14.94
"T7","juvenile",4,4,"short",24,1,23,-17.82,14.59
"T7","juvenile",4,4,"short",25,1,24,-17.95,14.26
"T7","juvenile",4,4,"short",26,1,25,-18.06,14.02
"T7","juvenile",4,4,"short",27,1,26,-17.89,14.06
"T7","juvenile",4,4,"short",28,1,27,-17.89,13.94
"T7","juvenile",4,4,"short",29,1,28,-17.76,14.2
"T7","juvenile",4,4,"short",30,1,29,-17.6,14.23
"T7","juvenile",4,4,"short",31,1,30,-17.6,14.45
"T7","juvenile",4,4,"short",32,1,31,-17.63,14.78
"T7","juvenile",4,4,"short",33,1,32,-17.74,14.76
"T7","juvenile",4,4,"short",34,1,33,-17.75,14.74
"T7","juvenile",4,4,"short",35,1,34,-17.82,14.71
"T7","juvenile",4,4,"short",36,1,35,-17.93,14.77
"T7","juvenile",4,4,"short",37,1,36,-17.85,14.89
"T7","juvenile",4,4,"short",38,1,37,-17.8,15.04
"T7","juvenile",4,4,"short",39,1,38,-17.76,15.16
"T7","juvenile",4,4,"short",40,1,39,-17.59,15.27
"T7","juvenile",4,4,"short",41,1,40,-17.43,15.26
"T7","juvenile",4,4,"short",42,1,41,-17.6,15.02
"T7","juvenile",4,4,"short",43,1,42,-17.57,14.82
"T7","juvenile",4,4,"short",44,1,43,-17.71,14.73
"T7","juvenile",4,4,"short",45,1,44,-17.84,14.47
"T7","juvenile",4,4,"short",46,1,45,-18.02,14.03
"T7","juvenile",4,4,"short",47,1,46,-18.26,13.64
"T7","juvenile",4,4,"short",48,1,47,-18.31,13.38
"T7","juvenile",4,4,"short",49,1,48,-18.39,13.38
"T7","juvenile",4,4,"short",50,1,49,-18.39,13.25
"T7","juvenile",4,4,"short",51,1,50,-18.38,13.39
"T7","juvenile",4,4,"short",52,1,51,-18.44,13.59
"T7","juvenile",4,4,"short",53,1,52,-18.5,13.65
"T7","juvenile",4,4,"short",54,1,53,-18.46,13.72
"T7","juvenile",4,4,"short",55,1,54,-18.51,13.73
"T7","juvenile",4,4,"short",56,1,55,-18.53,13.78
"T7","juvenile",4,4,"short",57,1,56,-18.57,13.84
"T7","juvenile",4,4,"short",58,1,57,-18.58,13.63
"T7","juvenile",4,4,"short",59,2,59,-18.67,13.66
"T7","juvenile",4,4,"short",60,2,61,-18.49,14.22
"T7","juvenile",4,4,"short",61,2,63,-18.24,15.28
"T7","juvenile",4,4,"short",62,2,65,-17.9,15.97
"T7","juvenile",4,4,"short",63,2,67,-17.56,16.54
"T7","juvenile",4,4,"short",64,2,69,-17.25,16.77
"T7","juvenile",4,4,"short",65,2,71,-17.33,16.98
"T7","juvenile",4,4,"short",66,2,73,-17.32,16.36
"T7","juvenile",4,4,"short",67,2,75,-17.68,15.1
"T7","juvenile",4,4,"short",68,2,77,-17.8,16.39
"T7","juvenile",4,4,"short",69,2,79,-17.97,19.63
"T7","juvenile",4,4,"short",70,3,82,-18.02,20.17
"T7","juvenile",4,4,"short",71,3.06,85.06,-17.7,19.91
"T17","juvenile",2,2,"long",1,2,2,-18.32,14.99
"T17","juvenile",2,2,"long",2,2,4,-18.14,14.98
"T17","juvenile",2,2,"long",3,2,6,-18.07,15.21
"T17","juvenile",2,2,"long",4,1,7,-17.91,15.34
"T17","juvenile",2,2,"long",5,1,8,-17.75,15.91
"T17","juvenile",2,2,"long",6,1,9,-17.6,16.27
"T17","juvenile",2,2,"long",7,1,10,-17.37,16.59
"T17","juvenile",2,2,"long",8,1,11,-17.3,16.78
"T17","juvenile",2,2,"long",9,1,12,-17.14,16.87
"T17","juvenile",2,2,"long",10,1,13,-17.02,16.99
"T17","juvenile",2,2,"long",11,1,14,-16.86,16.88
"T17","juvenile",2,2,"long",12,1,15,-16.89,16.57
"T17","juvenile",2,2,"long",13,1,16,-17,16.05
"T17","juvenile",2,2,"long",14,1,17,-17.14,15.8
"T17","juvenile",2,2,"long",15,1,18,-17.2,15.42
"T17","juvenile",2,2,"long",16,1,19,-17.3,15.17
"T17","juvenile",2,2,"long",17,1,20,-17.55,14.98
"T17","juvenile",2,2,"long",18,1,21,-17.6,15.5
"T17","juvenile",2,2,"long",19,1,22,-17.64,16.1
"T17","juvenile",2,2,"long",20,1,23,-17.7,16.55
"T17","juvenile",2,2,"long",21,1,24,-17.7,16.34
"T17","juvenile",2,2,"long",22,1,25,-17.75,15.79
"T17","juvenile",2,2,"long",23,1,26,-17.93,15.15
"T17","juvenile",2,2,"long",24,1,27,-18.13,14.28
"T17","juvenile",2,2,"long",25,1,28,-18.43,13.5
"T17","juvenile",2,2,"long",26,1,29,-18.63,12.95
"T17","juvenile",2,2,"long",27,1,30,-18.78,12.49
"T17","juvenile",2,2,"long",28,1,31,-18.84,12.3
"T17","juvenile",2,2,"long",29,1,32,-18.8,12.23
"T17","juvenile",2,2,"long",30,1,33,-18.8,12.22
"T17","juvenile",2,2,"long",31,1,34,-18.78,12.23
"T17","juvenile",2,2,"long",32,1,35,-18.66,12.25
"T17","juvenile",2,2,"long",33,1,36,-18.56,12.33
"T17","juvenile",2,2,"long",34,1,37,-18.34,12.46
"T17","juvenile",2,2,"long",35,1,38,-18.35,12.63
"T17","juvenile",2,2,"long",36,1,39,-18.3,12.82
"T17","juvenile",2,2,"long",37,1,40,-18.16,13.08
"T17","juvenile",2,2,"long",38,1,41,-18.06,13.66
"T17","juvenile",2,2,"long",39,1,42,-18.09,13.85
"T17","juvenile",2,2,"long",40,1,43,-18.03,13.96
"T17","juvenile",2,2,"long",41,1,44,-17.93,14.3
"T17","juvenile",2,2,"long",42,1,45,-17.84,14.39
"T17","juvenile",2,2,"long",43,1,46,-17.77,14.67
"T17","juvenile",2,2,"long",44,1,47,-17.85,14.76
"T17","juvenile",2,2,"long",45,1,48,-17.7,14.76
"T17","juvenile",2,2,"long",46,1,49,-17.69,14.75
"T17","juvenile",2,2,"long",47,1,50,-17.65,14.91
"T17","juvenile",2,2,"long",48,1,51,-17.65,14.73
"T17","juvenile",2,2,"long",49,1,52,-17.69,14.73
"T17","juvenile",2,2,"long",50,2,54,-17.9,14.59
"T17","juvenile",2,2,"long",51,2,56,-18,14.55
"T17","juvenile",2,2,"long",52,2,58,-18.03,14.32
"T17","juvenile",2,2,"long",53,2,60,-17.97,14.37
"T17","juvenile",2,2,"long",54,2,62,-17.79,15.72
"T17","juvenile",2,2,"long",55,2,64,-17.57,17.41
"T17","juvenile",2,2,"long",56,2,66,-17.47,19.15
"T17","juvenile",2,2,"long",57,2,68,-17.46,19.93
"T17","juvenile",2,2,"long",58,2,70,-17.56,20.15
"T17","juvenile",2,2,"long",59,2,72,-17.46,19.8
"T17","juvenile",2,2,"long",60,2,74,-17.28,19.51
"T17","juvenile",2,2,"long",61,2,76,-17.17,19
"T17","juvenile",2,2,"long",62,2,78,-16.98,18.69
"T17","juvenile",2,2,"long",63,2,80,-16.91,18.53
"T17","juvenile",2,2,"long",64,2,82,-16.87,18.48
"T17","juvenile",2,2,"long",65,4,86,-17.03,18.3
"T17","juvenile",2,2,"long",66,5,91,-17.09,18.32
"T17","juvenile",2,2,"long",67,6,97,-17.06,18.15
"T17","juvenile",2,2,"long",68,11,108,-17.03,16.85
"T32","juvenile",4,4,"long",1,2,2,-18.07,17.93
"T32","juvenile",4,4,"long",2,2,4,-17.79,17.8
"T32","juvenile",4,4,"long",3,1,5,-17.72,17.72
"T32","juvenile",4,4,"long",4,1,6,-17.78,17.38
"T32","juvenile",4,4,"long",5,1,7,-17.75,17.03
"T32","juvenile",4,4,"long",6,1,8,-17.82,16.61
"T32","juvenile",4,4,"long",7,1,9,-17.94,16.22
"T32","juvenile",4,4,"long",8,1,10,-17.95,15.99
"T32","juvenile",4,4,"long",9,1,11,-17.71,15.95
"T32","juvenile",4,4,"long",10,0.5,11.5,-17.46,16.12
"T32","juvenile",4,4,"long",11,0.5,12,-17.46,16.12
"T32","juvenile",4,4,"long",12,1,13,-17.36,16.21
"T32","juvenile",4,4,"long",13,1,14,-17.22,16.4
"T32","juvenile",4,4,"long",14,1,15,-17.11,16.5
"T32","juvenile",4,4,"long",15,1,16,-17.01,16.64
"T32","juvenile",4,4,"long",16,1,17,-16.92,16.67
"T32","juvenile",4,4,"long",17,1,18,-16.76,16.84
"T32","juvenile",4,4,"long",18,1,19,-16.72,16.87
"T32","juvenile",4,4,"long",19,1,20,-16.72,16.85
"T32","juvenile",4,4,"long",20,1,21,-16.63,16.87
"T32","juvenile",4,4,"long",21,1,22,-16.61,16.74
"T32","juvenile",4,4,"long",22,1,23,-16.56,16.73
"T32","juvenile",4,4,"long",23,1,24,-16.59,16.68
"T32","juvenile",4,4,"long",24,1,25,-16.68,16.53
"T32","juvenile",4,4,"long",25,1,26,-16.62,16.52
"T32","juvenile",4,4,"long",26,1,27,-17.04,16.29
"T32","juvenile",4,4,"long",27,1,28,-16.88,16.35
"T32","juvenile",4,4,"long",28,1,29,-16.99,16.22
"T32","juvenile",4,4,"long",29,1,30,-17.13,15.9
"T32","juvenile",4,4,"long",30,1,31,-17.24,15.72
"T32","juvenile",4,4,"long",31,1,32,-17.41,15.63
"T32","juvenile",4,4,"long",32,1,33,-17.35,16
"T32","juvenile",4,4,"long",33,1,34,-17.53,16.25
"T32","juvenile",4,4,"long",34,1,35,-17.24,16.96
"T32","juvenile",4,4,"long",35,1,36,-17.2,17.52
"T32","juvenile",4,4,"long",36,1,37,-17.27,18.09
"T32","juvenile",4,4,"long",37,1,38,-17.22,18.34
"T32","juvenile",4,4,"long",38,1,39,-17.46,18.53
"T32","juvenile",4,4,"long",39,1,40,-17.35,18.79
"T32","juvenile",4,4,"long",40,1,41,-17.35,18.74
"T32","juvenile",4,4,"long",41,1,42,-17.39,18.71
"T32","juvenile",4,4,"long",42,1,43,-17.34,18.72
"T32","juvenile",4,4,"long",43,1,44,-17.36,18.7
"T32","juvenile",4,4,"long",44,1,45,-17.39,18.61
"T32","juvenile",4,4,"long",45,1,46,-17.47,18.32
"T32","juvenile",4,4,"long",46,1,47,-17.59,17.66
"T32","juvenile",4,4,"long",47,1,48,-17.71,17.13
"T32","juvenile",4,4,"long",48,1,49,-17.74,16.49
"T32","juvenile",4,4,"long",49,1,50,-17.83,16.2
"T32","juvenile",4,4,"long",50,1,51,-17.96,15.68
"T32","juvenile",4,4,"long",51,1,52,-18.09,15.28
"T32","juvenile",4,4,"long",52,1,53,-18.17,15.09
"T32","juvenile",4,4,"long",53,1,54,-18.13,14.9
"T32","juvenile",4,4,"long",54,1,55,-18.11,14.98
"T32","juvenile",4,4,"long",55,1,56,-18.07,14.9
"T32","juvenile",4,4,"long",56,1,57,-17.9,14.91
"T32","juvenile",4,4,"long",57,1,58,-17.85,15
"T32","juvenile",4,4,"long",58,1,59,-17.75,14.97
"T32","juvenile",4,4,"long",59,1,60,-17.66,15.05
"T32","juvenile",4,4,"long",60,1,61,-17.58,15.02
"T32","juvenile",4,4,"long",61,1,62,-17.61,14.99
"T32","juvenile",4,4,"long",62,1,63,-17.52,14.9
"T32","juvenile",4,4,"long",63,1,64,-17.49,15
"T32","juvenile",4,4,"long",64,1,65,-17.53,15.15
"T32","juvenile",4,4,"long",65,1,66,-17.39,15.18
"T32","juvenile",4,4,"long",66,1,67,-17.38,15.2
"T32","juvenile",4,4,"long",67,1,68,-17.44,15.33
"T32","juvenile",4,4,"long",68,1,69,-17.56,15.31
"T32","juvenile",4,4,"long",69,1,70,-17.56,15.28
"T32","juvenile",4,4,"long",70,1,71,-17.65,15.2
"T32","juvenile",4,4,"long",71,1,72,-17.75,15.07
"T32","juvenile",4,4,"long",72,1,73,-17.84,15.36
"T32","juvenile",4,4,"long",73,1,74,-17.82,15.89
"T32","juvenile",4,4,"long",74,1,75,-17.81,16.43
"T32","juvenile",4,4,"long",75,1,76,-17.81,17.02
"T32","juvenile",4,4,"long",76,1,77,-17.76,17.5
"T32","juvenile",4,4,"long",77,1,78,-18.19,18.08
"T32","juvenile",4,4,"long",78,1,79,-17.81,18.4
"T32","juvenile",4,4,"long",79,1,80,-17.84,18.64
"T32","juvenile",4,4,"long",80,1,81,-17.63,18.71
"T32","juvenile",4,4,"long",81,1,82,-17.62,18.77
"T32","juvenile",4,4,"long",82,1,83,-17.49,18.71
"T32","juvenile",4,4,"long",83,1,84,-17.46,18.49
"T32","juvenile",4,4,"long",84,1,85,-17.38,18.27
"T32","juvenile",4,4,"long",85,1,86,-17.38,17.99
"T32","juvenile",4,4,"long",86,1,87,-17.29,17.48
"T32","juvenile",4,4,"long",87,1,88,-17.39,16.83
"T32","juvenile",4,4,"long",88,1,89,-17.62,16.09
"T32","juvenile",4,4,"long",89,1,90,-17.65,15.62
"T32","juvenile",4,4,"long",90,1,91,-17.9,14.87
"T32","juvenile",4,4,"long",91,1,92,-18.16,14.46
"T32","juvenile",4,4,"long",92,1,93,-18.31,14.08
"T32","juvenile",4,4,"long",93,1,94,-18.4,13.92
"T32","juvenile",4,4,"long",94,2,96,-18.49,14.01
"T32","juvenile",4,4,"long",95,1,97,-18.44,14.2
"T32","juvenile",4,4,"long",96,1,98,-18.32,14.44
"T32","juvenile",4,4,"long",97,1,99,-18.18,14.48
"T32","juvenile",4,4,"long",98,1,100,-17.99,14.71
"T32","juvenile",4,4,"long",99,1,101,-17.58,15.07
"T32","juvenile",4,4,"long",100,1,102,-17.04,15.32
"T32","juvenile",4,4,"long",101,1,103,-16.7,15.81
"T32","juvenile",4,4,"long",102,1,104,-16.55,15.93
"T32","juvenile",4,4,"long",103,1,105,-16.43,16.09
"T32","juvenile",4,4,"long",104,1,106,-16.44,16.24
"T32","juvenile",4,4,"long",105,1,107,-16.63,16.23
"T32","juvenile",4,4,"long",106,1,108,-16.89,15.87
"T32","juvenile",4,4,"long",107,1,109,-17.05,15.63
"T32","juvenile",4,4,"long",108,1,110,-17.41,15.15
"T32","juvenile",4,4,"long",109,1,111,-17.72,14.79
"T32","juvenile",4,4,"long",110,1,112,-17.97,14.42
"T32","juvenile",4,4,"long",111,1,113,-18.08,14.32
"T32","juvenile",4,4,"long",112,1,114,-18.17,14.13
"T32","juvenile",4,4,"long",113,3,117,-18.53,13.65
"T32","juvenile",4,4,"long",114,2,119,-18.66,13.35
"T32","juvenile",4,4,"long",115,2,121,-18.8,13.22
"T32","juvenile",4,4,"long",116,2,123,-18.87,13.22
"T32","juvenile",4,4,"long",117,2,125,-18.88,13.25
"T32","juvenile",4,4,"long",118,2,127,-18.87,13.21
"T32","juvenile",4,4,"long",119,2,129,-18.64,13.56
"T32","juvenile",4,4,"long",120,2,131,-18.23,14.49
"T32","juvenile",4,4,"long",121,2,133,-17.89,15.57
"T32","juvenile",4,4,"long",122,2,135,-17.86,15.99
"T32","juvenile",4,4,"long",123,2,137,-17.98,16.01
"T32","juvenile",4,4,"long",124,2,139,-17.85,16.46
"T32","juvenile",4,4,"long",125,2,141,-17.77,16.7
"T32","juvenile",4,4,"long",126,2,143,-17.63,16.85
"T32","juvenile",4,4,"long",127,2,145,-17.57,16.49
"T32","juvenile",4,4,"long",128,2,147,-17.71,15.69
"T32","juvenile",4,4,"long",129,2,149,-17.59,16.41
"T32","juvenile",4,4,"long",130,2,151,-17.25,18.47
"T32","juvenile",4,4,"long",131,2,153,-17.37,19.67
"T32","juvenile",4,4,"long",132,2,155,-17.47,19.65
"T32","juvenile",4,4,"long",133,4,159,-17.26,18.86
"T32","juvenile",4,4,"long",134,6,165,-17.03,17.68
"9.2","pup",0.2438356,0,"re-run",1,4.19,4.19,-18.28,18.31
"9.2","pup",0.2438356,0,"re-run",2,1.35,5.54,-18.13,18.47
"9.2","pup",0.2438356,0,"re-run",3,1.41,6.95,-18.16,18.42
"9.2","pup",0.2438356,0,"re-run",4,1.98,8.93,-18.19,18.39
"9.2","pup",0.2438356,0,"re-run",5,1.73,10.66,-18.22,18.31
"9.2","pup",0.2438356,0,"re-run",6,2.19,12.85,-18.23,18.27
"9.2","pup",0.2438356,0,"re-run",7,0.83,13.68,-18.3,18.1
"9.2","pup",0.2438356,0,"re-run",8,1.48,15.16,-18.37,18.11
"9.2","pup",0.2438356,0,"re-run",9,1.11,16.27,-18.33,18.15
"9.2","pup",0.2438356,0,"re-run",10,1.79,18.06,-18.36,18.1
"9.2","pup",0.2438356,0,"re-run",11,0.94,19,-18.06,17.73
"9.2","pup",0.2438356,0,"re-run",12,1.47,20.47,-18.4,18
"9.2","pup",0.2438356,0,"re-run",13,1.14,21.61,-18.39,18.04
"9.2","pup",0.2438356,0,"re-run",14,1.84,23.45,-18.38,18.11
"9.2","pup",0.2438356,0,"re-run",15,1.88,25.33,-18.37,17.91
"9.2","pup",0.2438356,0,"re-run",16,1.93,27.26,-18.32,17.9
"9.2","pup",0.2438356,0,"re-run",17,2.11,29.37,-18.36,17.84
"9.2","pup",0.2438356,0,"re-run",18,3.16,32.53,-18.33,17.97
"9.2","pup",0.2438356,0,"re-run",19,2.18,34.71,-18.16,17.54
"9.2","pup",0.2438356,0,"re-run",20,1.88,36.59,-18.36,16.82
"9.2","pup",0.2438356,0,"re-run",21,2.37,38.96,-18.68,16.22
"9.2","pup",0.2438356,0,"re-run",22,2.1,41.06,-18.82,16.36
"9.2","pup",0.2438356,0,"re-run",23,2.46,43.52,-18.93,16.68
"9.2","pup",0.2438356,0,"re-run",24,3.23,46.75,-18.24,17.99
"9.2","pup",0.2438356,0,"re-run",25,3.38,50.13,-17.69,18.92
"9.2","pup",0.2438356,0,"re-run",26,4.41,54.54,-17.87,18.92
"9.2","pup",0.2438356,0,"re-run",27,4.73,59.27,-17.91,18.61
"9.2","pup",0.2438356,0,"re-run",28,12.81,72.08,-17.69,18.45
"26.2","pup",0.2794521,0,"re-run",1,2.99,2.99,-18.13,19.36
"26.2","pup",0.2794521,0,"re-run",2,2.13,5.12,-17.82,19.23
"26.2","pup",0.2794521,0,"re-run",3,0.98,6.1,-17.81,19.12
"26.2","pup",0.2794521,0,"re-run",4,1.72,7.82,-17.74,19.03
"26.2","pup",0.2794521,0,"re-run",5,1.12,8.94,-17.7,19.11
"26.2","pup",0.2794521,0,"re-run",6,2.02,10.96,-17.76,18.86
"26.2","pup",0.2794521,0,"re-run",7,1.13,12.09,-17.72,18.69
"26.2","pup",0.2794521,0,"re-run",8,1,13.09,-17.71,18.51
"26.2","pup",0.2794521,0,"re-run",9,0.95,14.04,-17.67,18.55
"26.2","pup",0.2794521,0,"re-run",10,1.11,15.15,-17.68,18.54
"26.2","pup",0.2794521,0,"re-run",11,2.06,17.21,-17.73,18.42
"26.2","pup",0.2794521,0,"re-run",12,1.95,19.16,-17.69,18.31
"26.2","pup",0.2794521,0,"re-run",13,2.28,21.44,-17.78,18.21
"26.2","pup",0.2794521,0,"re-run",14,2.02,23.46,-17.82,18.12
"26.2","pup",0.2794521,0,"re-run",15,2.29,25.75,-17.82,17.96
"26.2","pup",0.2794521,0,"re-run",16,2.24,27.99,-17.85,17.65
"26.2","pup",0.2794521,0,"re-run",17,3.08,31.07,-17.87,17.34
"26.2","pup",0.2794521,0,"re-run",18,1.89,32.96,-17.89,17.28
"26.2","pup",0.2794521,0,"re-run",19,2.25,35.21,-18.03,17.04
"26.2","pup",0.2794521,0,"re-run",20,2.36,37.57,-17.99,16.51
"26.2","pup",0.2794521,0,"re-run",21,3.65,42.36,-18.18,15.77
"26.2","pup",0.2794521,0,"re-run",22,3.34,45.7,-18.22,16.03
"26.2","pup",0.2794521,0,"re-run",23,6.07,51.77,-17.81,16.99
"26.2","pup",0.2794521,0,"re-run",24,6,57.77,-17.21,17.4
"26.2","pup",0.2794521,0,"re-run",25,16.13,75.9,-17.08,17.95
